Performance_ID,Run_Scored,Balls_Faced,No_of_boundaries,MOM,Wickets_taken,Player_ID,Match_Num
10001,1,6,0,No,0,1002,1
10002,92,50,13,No,0,1003,1
10003,23,17,5,No,0,1006,1
10004,7,6,1,No,0,1020,1
10005,12,12,1,No,0,1004,1
10006,19,18,1,No,0,1007,1
10007,1,2,0,No,1,1011,1
10008,14,7,2,No,0,1001,1
10009,0,0,0,No,3,1008,1
10010,0,0,0,No,1,1012,1
10011,1,3,0,No,0,1010,1
10012,25,16,4,No,0,1055,1
10013,63,36,9,No,0,1051,1
10014,22,17,3,No,0,1054,1
10015,8,11,0,No,0,1050,1
10016,27,21,3,No,0,1059,1
10017,15,14,2,No,0,1058,1
10018,10,3,2,Yes,2,1057,1
10019,0,0,0,No,2,1060,1
10020,0,0,0,No,1,1072,1
10021,0,0,0,No,2,1061,1
10022,23,12,4,No,0,1150,2
10023,40,29,6,No,0,1145,2
10024,50,32,7,No,0,1158,2
10025,21,11,3,No,0,1151,2
10026,16,13,2,No,1,1160,2
10027,26,17,2,No,1,1159,2
10028,11,7,2,No,1,1148,2
10029,2,4,0,No,0,1092,2
10030,22,16,4,No,0,1084,2
10031,4,5,1,No,0,1082,2
10032,34,28,4,No,1,1075,2
10033,24,17,4,No,0,1074,2
10034,4,4,0,No,0,1083,2
10035,35,19,5,No,1,1076,2
10036,8,3,1,No,2,1085,2
10037,7,2,1,No,2,1077,2
10038,0,0,0,Yes,3,1144,2
10039,0,0,0,No,2,1079,2
10040,0,0,0,No,1,1078,2
10041,8,12,1,No,0,1096,3
10042,73,38,9,No,0,1108,3
10043,17,18,0,No,0,1100,3
10044,15,13,1,No,1,1101,3
10045,12,10,1,No,1,1097,3
10046,36,21,5,No,0,1110,3
10047,18,7,3,No,0,1107,3
10048,6,1,1,No,0,1104,3
10049,12,9,2,No,0,1028,3
10050,56,48,7,No,0,1030,3
10051,0,1,0,No,0,1031,3
10052,4,9,1,No,0,1032,3
10053,30,20,4,No,0,1049,3
10054,1,3,0,No,0,1041,3
10055,4,5,0,No,0,1044,3
10056,16,11,2,No,1,1027,3
10057,6,10,0,No,1,1035,3
10058,4,4,1,No,2,1037,3
10059,0,1,0,No,0,1047,3
10060,0,0,0,No,2,1036,3
10061,0,0,0,Yes,5,1103,3
10062,0,0,0,No,2,1098,3
10063,54,37,9,No,0,1167,4
10064,54,22,10,Yes,0,1166,4
10065,55,32,7,No,0,1165,4
10066,2,5,0,No,0,1171,4
10067,7,6,1,No,0,1172,4
10068,22,16,2,No,0,1170,4
10069,1,2,0,No,2,1168,4
10070,0,3,0,No,0,1216,4
10071,27,23,3,No,0,1225,4
10072,0,2,0,No,0,1215,4
10073,13,21,1,No,0,1224,4
10074,1,5,0,No,1,1214,4
10075,8,6,1,No,0,1222,4
10076,32,32,3,No,0,1212,4
10077,18,13,2,No,0,1227,4
10078,6,10,0,No,2,1219,4
10079,19,8,3,No,1,1213,4
10080,0,0,0,No,4,1175,4
10081,0,0,0,No,2,1169,4
10082,0,0,0,No,1,1218,4
10083,1,10,0,No,0,1120,5
10084,10,13,2,No,0,1123,5
10085,5,4,1,No,1,1135,5
10086,15,16,1,No,0,1122,5
10087,84,46,13,No,0,1125,5
10088,21,13,3,No,0,1141,5
10089,4,7,0,No,1,1126,5
10090,5,3,1,No,0,1129,5
10091,15,9,1,No,0,1127,5
10092,82,49,11,No,0,1189,5
10093,73,43,11,Yes,0,1192,5
10094,0,3,0,No,0,1195,5
10095,12,3,2,No,0,1190,5
10096,0,0,0,No,1,1127,5
10097,0,0,0,No,2,1203,5
10098,0,0,0,No,1,1191,5
10099,57,31,7,No,0,1003,6
10100,47,29,7,No,0,1002,6
10101,27,16,4,No,0,1007,6
10102,19,13,3,Yes,4,1006,6
10103,8,8,1,No,0,1020,6
10104,27,14,4,No,0,1004,6
10105,3,6,0,No,0,1011,6
10106,12,3,2,No,0,1001,6
10107,1,1,0,No,0,1010,6
10108,20,18,2,No,0,1096,6
10109,53,22,10,No,0,1108,6
10110,2,6,0,No,0,1100,6
10111,9,9,1,No,0,1101,6
10112,21,18,1,No,0,1097,6
10113,32,18,5,No,0,1110,6
10114,23,18,0,No,0,1107,6
10115,17,11,1,No,0,1104,6
10116,10,3,2,No,3,1103,6
10117,0,0,0,No,2,1012,6
10118,0,0,0,No,3,1098,6
10119,37,32,7,No,0,1030,7
10120,7,5,1,No,0,1028,7
10121,4,4,1,No,1,1031,7
10122,20,24,2,No,0,1032,7
10123,0,1,0,No,0,1049,7
10124,20,11,0,No,0,1026,7
10125,36,22,2,No,0,1027,7
10126,8,8,1,No,0,1044,7
10127,1,1,0,No,0,1035,7
10128,4,2,1,No,2,1029,7
10129,14,7,3,No,0,1055,7
10130,14,13,3,No,0,1051,7
10131,62,48,6,Yes,0,1054,7
10132,5,4,1,No,0,1050,7
10133,29,23,3,No,0,1059,7
10134,31,16,4,No,0,1052,7
10135,0,0,0,No,3,1057,7
10136,0,0,0,No,3,1060,7
10137,0,0,0,No,1,1036,7
10138,60,34,10,No,0,1150,8
10139,86,56,12,No,0,1145,8
10140,1,1,0,No,0,1158,8
10141,27,16,3,No,0,1151,8
10142,1,2,0,No,0,1160,8
10143,11,10,1,No,0,1148,8
10144,1,2,0,No,0,1159,8
10145,11,8,2,No,0,1167,8
10146,0,4,0,No,1,1168,8
10147,19,11,2,No,0,1166,8
10148,42,25,6,No,0,1165,8
10149,21,26,1,No,0,1171,8
10150,20,12,3,No,0,1172,8
10151,36,18,4,No,0,1170,8
10152,32,15,5,No,0,1179,8
10153,1,1,0,No,0,1181,8
10154,0,0,0,Yes,4,1156,8
10155,0,0,0,No,2,1144,8
10156,0,0,0,No,2,1181,8
10157,57,44,9,No,0,1084,9
10158,3,7,0,No,0,1075,9
10159,0,1,0,No,0,1092,9
10160,1,5,0,No,0,1074,9
10161,46,33,5,No,0,1083,9
10162,0,1,0,No,0,1076,9
10163,68,29,12,Yes,0,1085,9
10164,0,1,0,No,2,1077,9
10165,6,2,1,No,0,1078,9
10166,21,18,3,No,0,1189,9
10167,23,12,4,No,0,1192,9
10168,19,18,2,No,0,1207,9
10169,5,7,1,No,1,1190,9
10170,0,2,0,No,1,1193,9
10171,1,5,0,No,0,1196,9
10172,9,8,1,No,0,1195,9
10173,1,5,0,No,0,1197,9
10174,20,20,2,No,0,1204,9
10175,1,3,0,No,0,1203,9
10176,17,8,3,No,0,1198,9
10177,0,0,0,No,2,1203,9
10178,0,0,0,No,4,1081,9
10179,0,0,0,No,3,1089,9
10180,31,26,4,No,0,1235,10
10181,8,7,1,No,0,1225,10
10182,35,41,4,No,0,1215,10
10183,0,1,0,No,0,1220,10
10184,3,4,0,No,0,1224,10
10185,16,28,0,No,0,1214,10
10186,21,10,3,No,0,1212,10
10187,4,3,1,No,2,1227,10
10188,0,0,0,No,1,1213,10
10189,0,0,0,No,2,1219,10
10190,13,14,2,No,0,1108,10
10191,35,31,4,No,0,1096,10
10192,7,8,1,No,0,1100,10
10193,34,23,5,Yes,3,1101,10
10194,10,13,2,No,0,1097,10
10195,0,1,0,No,0,1113,10
10196,11,6,2,No,0,1110,10
10197,0,0,0,No,2,1115,10
10198,60,31,12,Yes,0,1167,11
10199,79,51,12,No,0,1166,11
10200,0,4,0,No,0,1165,11
10201,7,11,0,No,0,1172,11
10202,39,21,5,No,0,1170,11
10203,8,3,1,No,0,1179,11
10204,0,3,0,No,0,1028,11
10205,65,55,7,No,0,1030,11
10206,0,1,0,No,0,1048,11
10207,14,12,2,No,0,1049,11
10208,38,24,5,No,0,1038,11
10209,2,6,0,No,1,1027,11
10210,2,2,0,No,0,1041,11
10211,7,9,1,No,0,1026,11
10212,3,7,0,No,2,1035,11
10213,0,1,0,No,1,1029,11
10214,1,1,0,No,1,1047,11
10215,0,0,0,No,0,1037,11
10216,21,13,4,No,0,1120,12
10217,32,21,5,No,0,1123,12
10218,12,11,1,No,1,1135,12
10219,1,2,0,No,0,1122,12
10220,22,18,3,No,0,1125,12
10221,2,4,0,No,0,1127,12
10222,31,22,3,No,0,1126,12
10223,5,10,0,No,0,1131,12
10224,18,13,3,No,0,1129,12
10225,5,6,0,No,2,1137,12
10226,0,4,0,No,0,1002,12
10227,40,36,3,No,0,1003,12
10228,61,27,10,No,0,1019,12
10229,28,26,3,No,0,1007,12
10230,20,16,3,No,0,1004,12
10231,0,0,0,No,1,1012,12
10232,0,0,0,Yes,3,1011,12
10233,17,17,3,No,0,1055,13
10234,39,31,5,No,0,1051,13
10235,53,38,5,No,0,1054,13
10236,14,8,3,No,0,1053,13
10237,63,24,9,No,0,1059,13
10238,2,3,0,No,0,1052,13
10239,15,12,2,No,0,1084,13
10240,6,8,1,No,0,1087,13
10241,83,40,13,No,0,1075,13
10242,45,29,7,No,0,1074,13
10243,48,21,7,Yes,0,1083,13
10244,1,2,0,No,0,1076,13
10245,0,1,0,No,2,1077,13
10246,0,1,0,No,1,1085,13
10247,5,6,0,No,1,1078,13
10248,0,1,0,No,2,1081,13
10249,0,0,0,No,0,1150,14
10250,99,66,17,Yes,0,1145,14
10251,1,3,0,No,0,1147,14
10252,4,9,1,No,0,1151,14
10253,22,15,4,No,1,1159,14
10254,5,6,0,No,0,1160,14
10255,4,3,1,No,0,1148,14
10256,1,2,0,No,0,1149,14
10257,0,8,0,No,0,1152,14
10258,0,5,0,No,2,1156,14
10259,1,2,0,No,0,1163,14
10260,13,14,3,No,0,1224,14
10261,21,20,3,No,0,1225,14
10262,74,48,13,No,0,1215,14
10263,37,21,6,No,0,1220,14
10264,0,0,0,No,1,1144,14
10265,0,0,0,No,0,1223,14
10266,61,44,8,No,0,1189,15
10267,79,46,10,No,0,1192,15
10268,59,29,9,No,0,1190,15
10269,1,1,0,No,0,1195,15
10270,0,3,0,No,0,1108,15
10271,18,20,1,No,0,1096,15
10272,9,10,1,No,0,1100,15
10273,0,2,0,No,2,1101,15
10274,65,30,11,No,0,1097,15
10275,62,19,11,Yes,0,1110,15
10276,30,24,4,No,0,1107,15
10277,9,7,1,No,2,1111,15
10278,1,2,0,No,2,1103,15
10279,3,2,0,No,1,1098,15
10280,0,1,0,No,0,1102,15
10281,0,0,0,No,2,1191,15
10282,65,45,10,Yes,0,1120,16
10283,31,26,6,No,0,1123,16
10284,41,29,5,No,0,1125,16
10285,0,1,0,No,0,1122,16
10286,13,11,1,No,0,1126,16
10287,17,8,2,No,1,1135,16
10288,51,47,6,No,0,1030,16
10289,15,10,3,No,0,1028,16
10290,26,18,5,No,0,1048,16
10291,2,4,0,No,3,1040,16
10292,4,4,1,No,0,1041,16
10293,2,4,0,No,0,1038,16
10294,54,25,9,No,2,1027,16
10295,1,3,0,No,0,1026,16
10296,0,1,0,No,2,1035,16
10297,5,3,1,No,1,1029,16
10298,1,1,0,No,1,1034,16
10299,0,0,0,No,2,1137,16
10300,0,0,0,No,1,1036,16
10301,10,8,2,No,0,1167,17
10302,52,36,4,No,0,1166,17
10303,38,26,5,No,0,1171,17
10304,0,2,0,No,0,1165,17
10305,30,22,3,Yes,2,1168,17
10306,30,18,4,No,0,1170,17
10307,4,6,0,No,0,1179,17
10308,0,1,0,No,0,1181,17
10309,1,1,0,No,1,1184,17
10310,8,10,1,No,0,1003,17
10311,50,38,6,No,0,1002,17
10312,31,19,3,No,0,1019,17
10313,8,9,1,No,0,1007,17
10314,7,10,0,No,0,1006,17
10315,1,2,0,No,0,1004,17
10316,25,15,3,No,0,1011,17
10317,32,17,4,No,0,1001,17
10318,0,2,0,No,2,1012,17
10319,0,0,0,No,2,1176,17
10320,0,0,0,No,0,1150,18
10321,8,8,2,No,0,1145,18
10322,36,24,7,No,0,1147,18
10323,20,26,1,No,0,1158,18
10324,25,23,5,No,0,1151,18
10325,22,22,2,No,1,1159,18
10326,22,9,3,No,0,1148,18
10327,8,5,1,No,0,1149,18
10328,1,1,0,No,3,1154,18
10329,30,19,5,No,0,1055,18
10330,67,49,8,No,0,1051,18
10331,19,20,2,No,0,1054,18
10332,8,11,1,No,1,1050,18
10333,17,18,1,No,0,1052,18
10334,5,2,1,No,0,1058,18
10335,0,0,0,Yes,3,1073,18
10336,0,0,0,No,2,1060,18
10337,100,55,15,Yes,0,1224,19
10338,9,13,0,No,0,1225,19
10339,9,4,2,No,0,1215,19
10340,50,26,7,No,0,1220,19
10341,32,17,5,No,0,1216,19
10342,16,6,3,No,0,1226,19
10343,0,3,0,No,0,1084,19
10344,36,21,6,No,0,1087,19
10345,10,11,2,No,0,1075,19
10346,0,1,0,No,1,1077,19
10347,75,41,11,No,0,1074,19
10348,3,6,0,No,0,1076,19
10349,58,31,8,No,0,1083,19
10350,12,7,2,No,1,1085,19
10351,1,1,0,No,2,1078,19
10352,0,0,0,No,2,1223,19
10353,0,0,0,No,2,1081,19
10354,50,34,7,Yes,0,1189,20
10355,22,16,4,No,0,1192,20
10356,26,18,2,No,0,1200,20
10357,24,14,3,No,0,1190,20
10358,6,4,1,No,3,1193,20
10359,20,12,3,No,0,1196,20
10360,0,1,0,No,0,1195,20
10361,15,22,1,No,0,1197,20
10362,19,13,4,No,0,1030,20
10363,0,2,0,No,0,1028,20
10364,0,4,0,No,0,1031,20
10365,1,4,0,No,2,1040,20
10366,50,38,6,No,0,1048,20
10367,5,8,0,No,0,1026,20
10368,21,14,3,No,2,1027,20
10369,18,10,2,No,0,1044,20
10370,4,7,0,No,1,1038,20
10371,23,14,4,No,2,1029,20
10372,7,6,1,No,2,1035,20
10373,0,0,0,No,2,1191,20
10374,0,0,0,No,2,1037,20
10375,74,56,9,No,0,1096,21
10376,29,23,4,No,0,1108,21
10377,2,3,0,No,0,1100,21
10378,18,17,2,No,2,1101,21
10379,0,1,0,No,0,1110,21
10380,15,11,2,No,2,1097,21
10381,5,6,0,No,0,1107,21
10382,1,2,0,No,1,1104,21
10383,0,1,0,No,0,1118,21
10384,3,1,0,No,0,1098,21
10385,0,3,0,No,0,1157,21
10386,4,4,1,No,0,1150,21
10387,34,22,6,No,0,1147,21
10388,22,22,3,No,0,1161,21
10389,57,41,7,Yes,1,1160,21
10390,6,6,1,No,0,1159,21
10391,2,4,0,No,0,1151,21
10392,23,10,3,No,0,1148,21
10393,6,4,1,No,2,1149,21
10394,0,1,0,No,0,1146,21
10395,0,0,0,No,2,1111,21
10396,8,12,0,No,0,1084,22
10397,0,5,0,No,0,1087,22
10398,104,51,15,Yes,0,1075,22
10399,5,10,0,No,0,1074,22
10400,13,11,1,No,0,1085,22
10401,18,18,2,No,0,1083,22
10402,21,11,4,No,0,1076,22
10403,2,2,0,No,1,1077,22
10404,20,13,3,No,0,1120,22
10405,58,25,10,No,0,1123,22
10406,43,25,7,No,0,1122,22
10407,30,25,4,No,0,1125,22
10408,24,13,3,No,0,1126,22
10409,6,4,1,No,0,1141,22
10410,1,1,0,No,1,1135,22
10411,0,0,0,No,2,1137,22
10412,0,0,0,No,2,1081,22
10413,4,3,1,No,0,1055,23
10414,45,34,5,No,0,1051,23
10415,20,19,2,No,0,1054,23
10416,28,19,4,No,0,1050,23
10417,46,30,5,No,0,1052,23
10418,27,13,3,No,0,1053,23
10419,1,1,0,No,0,1058,23
10420,1,1,0,No,2,1057,23
10421,0,0,0,No,3,1061,23
10422,1,7,0,No,0,1167,23
10423,0,5,0,No,0,1166,23
10424,26,25,4,No,0,1171,23
10425,60,32,9,No,0,1165,23
10426,5,7,0,No,0,1172,23
10427,56,26,7,Yes,0,1170,23
10428,18,10,3,No,0,1179,23
10429,10,3,2,No,1,1168,23
10430,0,1,0,No,1,1169,23
10431,0,0,0,No,1,1060,23
10432,0,0,0,No,1,1176,23
10433,3,6,0,No,0,1003,24
10434,83,45,12,Yes,0,1002,24
10435,37,20,5,No,0,1019,24
10436,52,27,7,No,0,1007,24
10437,14,6,2,No,0,1004,24
10438,19,9,2,No,1,1006,24
10439,10,8,1,No,2,1011,24
10440,1,1,0,No,0,1001,24
10441,6,4,1,No,0,1189,24
10442,62,33,9,No,0,1192,24
10443,0,5,0,No,0,1200,24
10444,76,36,11,No,0,1190,24
10445,12,10,1,No,0,1196,24
10446,28,14,4,No,0,1195,24
10447,19,11,2,No,0,1202,24
10448,2,5,0,No,0,1205,24
10449,2,2,0,No,1,1194,24
10450,0,0,0,No,1,1012,24
10451,0,0,0,No,1,1191,24
10452,28,18,6,No,0,1120,25
10453,38,31,5,No,0,1123,25
10454,64,40,8,Yes,1,1135,25
10455,7,3,1,No,0,1122,25
10456,37,18,6,No,0,1125,25
10457,16,11,2,No,0,1126,25
10458,9,7,2,No,0,1224,25
10459,48,41,5,No,0,1225,25
10460,7,5,1,No,0,1215,25
10461,22,17,2,No,0,1220,25
10462,1,2,0,No,0,1216,25
10463,36,16,6,No,0,1226,25
10464,9,12,1,No,0,1212,25
10465,13,6,3,No,1,1221,25
10466,10,6,2,No,1,1214,25
10467,2,5,0,No,2,1219,25
10468,2,2,0,No,0,1228,25
10469,0,0,0,No,2,1137,25
10470,0,0,0,No,1,1218,25
10471,39,32,5,No,0,1096,26
10472,51,42,7,No,0,1108,26
10473,1,4,0,No,0,1107,26
10474,2,4,0,No,0,1100,26
10475,21,16,2,Yes,2,1097,26
10476,29,20,3,No,0,1110,26
10477,4,2,1,No,1,1101,26
10478,1,1,0,No,0,1118,26
10479,44,35,6,No,0,1167,26
10480,40,41,5,No,0,1166,26
10481,2,4,0,No,0,1165,26
10482,26,21,4,No,0,1171,26
10483,2,5,0,No,0,1170,26
10484,15,12,2,No,0,1172,26
10485,0,1,0,No,0,1179,26
10486,3,2,0,No,1,1168,26
10487,0,0,0,No,1,1176,26
10488,0,0,0,No,1,1098,26
10489,59,47,6,No,0,1189,27
10490,84,56,10,No,0,1192,27
10491,0,1,0,No,0,1190,27
10492,7,5,1,No,0,1195,27
10493,7,9,1,No,0,1200,27
10494,5,3,0,No,0,1196,27
10495,4,2,1,No,0,1157,27
10496,46,30,7,No,0,1150,27
10497,8,7,1,No,0,1147,27
10498,2,4,0,No,1,1153,27
10499,13,9,1,No,0,1161,27
10500,10,12,1,No,2,1159,27
10501,41,27,5,No,0,1151,27
10502,7,5,1,No,0,1148,27
10503,13,13,1,No,2,1149,27
10504,1,2,0,No,2,1156,27
10505,0,0,0,No,1,1144,27
10506,0,0,0,Yes,3,1191,27
10507,43,39,6,No,0,1093,28
10509,0,2,0,No,0,1075,28
10510,4,7,1,No,0,1074,28
10511,12,11,1,No,0,1092,28
10512,6,8,1,No,0,1083,28
10513,4,6,1,No,1,1077,28
10514,38,31,5,No,1,1076,28
10515,0,1,0,No,0,1082,28
10516,3,5,0,No,0,1078,28
10517,1,6,0,No,1,1081,28
10518,57,41,11,No,0,1030,28
10519,13,11,2,No,0,1028,28
10520,2,9,0,No,0,1031,28
10521,5,3,1,No,0,1045,28
10522,21,23,2,No,0,1048,28
10523,19,22,1,No,1,1027,28
10524,0,2,0,No,0,1044,28
10525,4,7,0,No,1,1038,28
10526,0,0,0,Yes,3,1046,28
10527,18,13,3,No,0,1224,29
10528,34,26,4,No,0,1216,29
10529,21,21,2,No,0,1215,29
10530,12,12,1,No,0,1220,29
10531,17,16,1,No,0,1226,29
10532,2,4,0,No,0,1225,29
10533,17,22,1,No,1,1221,29
10534,9,6,1,No,1,1214,29
10535,35,30,2,No,0,1002,29
10536,77,57,13,No,0,1003,29
10537,9,10,0,No,0,1019,29
10538,9,9,1,No,0,1004,29
10539,6,6,1,No,0,1006,29
10540,0,0,0,No,1,1012,29
10541,0,0,0,Yes,3,1011,29
10542,47,37,6,No,0,1055,30
10543,0,2,0,No,0,1051,30
10544,66,50,6,No,0,1050,30
10545,3,5,0,No,0,1053,30
10546,10,12,1,No,0,1059,30
10547,6,12,0,No,0,1052,30
10548,2,2,0,No,0,1058,30
10549,68,61,8,No,0,1096,30
10550,24,19,3,No,0,1108,30
10551,23,23,3,No,1,1101,30
10552,1,7,0,No,0,1110,30
10553,8,6,0,No,0,1107,30
10554,0,1,0,No,0,1097,30
10555,2,2,0,No,0,1100,30
10557,0,1,0,No,0,1098,30
10558,0,0,0,No,1,1060,30
10559,0,0,0,Yes,2,1073,30
10560,11,10,2,No,0,1147,31
10561,26,17,3,No,0,1150,31
10562,29,17,4,No,0,1157,31
10563,10,12,1,No,0,1153,31
10564,41,28,6,No,0,1149,31
10565,55,29,9,Yes,3,1159,31
10566,25,7,4,No,0,1151,31
10567,0,0,0,No,0,1148,31
10568,5,2,1,No,0,1149,31
10569,44,27,7,No,0,1120,31
10570,1,4,0,No,0,1123,31
10571,67,43,9,No,0,1135,31
10572,57,26,10,No,0,1122,31
10573,25,13,2,No,0,1126,31
10574,3,4,0,No,0,1125,31
10575,0,1,0,No,0,1141,31
10576,1,2,0,No,0,1143,31
10577,0,0,0,No,0,1137,31
10578,0,1,0,No,0,1189,32
10579,62,39,10,No,0,1192,32
10580,2,4,0,No,0,1196,32
10581,77,44,10,Yes,1,1190,32
10582,8,6,1,No,0,1200,32
10583,16,13,2,No,0,1195,32
10584,0,2,0,No,0,1202,32
10585,6,7,0,No,2,1194,32
10586,4,2,1,No,0,1204,32
10587,0,1,0,No,2,1211,32
10588,1,1,0,No,0,1191,32
10589,47,37,7,No,0,1167,32
10590,0,2,0,No,0,1166,32
10591,52,34,8,No,0,1171,32
10592,22,15,3,No,0,1165,32
10593,3,9,0,No,0,1170,32
10594,34,16,4,No,0,1179,32
10595,12,6,2,No,1,1168,32
10597,0,0,0,No,1,1176,32
10598,35,20,5,No,0,1003,33
10599,56,40,7,No,0,1002,33
10600,71,29,11,Yes,0,1019,33
10601,50,21,7,No,0,1007,33
10602,18,8,2,No,0,1011,33
10603,2,3,0,No,0,1001,33
10604,1,3,0,No,0,1087,33
10605,0,3,0,No,0,1077,33
10606,20,20,3,No,0,1075,33
10607,27,20,5,No,0,1074,33
10608,61,26,10,No,0,1093,33
10609,53,33,7,No,0,1083,33
10610,9,6,1,No,0,1076,33
10611,1,2,0,No,0,1090,33
10612,4,4,0,No,2,1078,33
10613,0,3,0,No,1,1081,33
10614,0,0,0,No,2,1012,33
10615,21,20,3,No,0,1030,34
10616,0,1,0,No,0,1045,34
10617,25,15,5,No,0,1031,34
10618,10,9,1,No,0,1032,34
10619,34,27,2,No,0,1048,34
10620,4,2,1,No,0,1044,34
10621,34,34,4,Yes,2,1027,34
10622,5,6,0,No,0,1039,34
10623,2,2,0,No,2,1029,34
10624,4,3,1,No,1,1035,34
10625,1,1,0,No,1,1046,34
10626,7,14,0,No,0,1224,34
10627,49,39,7,No,0,1225,34
10628,15,21,0,No,0,1215,34
10629,5,5,0,No,0,1216,34
10630,3,5,0,No,0,1220,34
10631,31,19,4,No,0,1226,34
10632,24,15,3,No,0,1214,34
10633,2,3,0,No,1,1221,34
10634,0,0,0,No,2,1218,34
10635,0,0,0,No,2,1036,34
10636,4,7,0,No,0,1055,35
10637,56,34,8,No,0,1051,35
10638,13,14,1,No,0,1050,35
10639,19,16,2,No,0,1059,35
10640,46,22,6,No,0,1052,35
10641,42,21,6,Yes,0,1053,35
10642,20,5,3,No,0,1058,35
10643,2,1,0,No,1,1057,35
10644,2,8,0,No,0,1120,35
10645,13,21,1,No,0,1123,35
10646,33,26,3,No,1,1135,35
10647,2,3,0,No,0,1125,35
10648,23,12,4,No,0,1122,35
10649,0,2,0,No,1,1126,35
10650,40,21,6,No,0,1141,35
10651,18,12,2,No,2,1137,35
10652,13,9,1,No,1,1130,35
10653,3,4,0,No,0,1133,35
10654,0,2,0,No,0,1136,35
10655,0,0,0,No,1,1060,35
10656,56,29,9,No,0,1093,36
10657,27,29,4,No,0,1087,36
10658,31,26,3,No,1,1075,36
10659,48,21,7,No,0,1074,36
10660,1,2,0,No,1,1076,36
10661,18,10,3,No,0,1083,36
10662,12,3,2,No,0,1090,36
10663,54,37,6,No,0,1189,36
10664,17,7,3,No,0,1192,36
10665,2,5,0,No,0,1196,36
10666,5,4,1,No,0,1190,36
10667,34,18,4,No,0,1200,36
10668,22,18,2,No,0,1195,36
10669,10,9,1,No,0,1202,36
10670,5,4,0,No,1,1194,36
10671,11,10,1,No,0,1204,36
10672,13,2,1,No,2,1211,36
10673,0,0,0,No,1,1191,36
10674,0,0,0,Yes,3,1081,36
10675,77,43,12,Yes,0,1167,37
10676,27,21,4,No,0,1166,37
10677,17,17,1,No,0,1165,37
10678,8,10,0,No,0,1170,37
10679,34,15,5,No,0,1179,37
10680,27,13,5,No,0,1171,37
10681,1,1,0,No,1,1168,37
10682,47,29,6,No,0,1003,37
10683,8,16,1,No,0,1002,37
10684,15,13,0,No,0,1019,37
10685,52,33,6,No,0,1007,37
10686,0,2,0,No,0,1004,37
10687,23,12,4,No,0,1006,37
10688,23,15,3,No,1,1011,37
10689,0,0,0,No,1,1012,37
10690,0,0,0,No,2,1176,37
10691,12,9,2,No,0,1096,38
10692,54,24,11,No,0,1108,38
10693,43,24,6,No,0,1107,38
10694,72,40,11,No,0,1097,38
10695,45,19,8,Yes,1,1110,38
10696,11,6,2,No,0,1100,38
10697,5,2,1,No,0,1101,38
10698,9,13,2,No,0,1150,38
10699,1,2,0,No,0,1145,38
10700,66,36,10,No,0,1157,38
10701,36,22,5,No,0,1160,38
10702,23,14,3,No,1,1153,38
10703,21,11,3,No,0,1159,38
10704,24,10,3,No,0,1151,38
10705,6,9,0,No,0,1148,38
10706,0,1,0,No,1,1152,38
10707,0,1,0,No,3,1146,38
10708,2,2,0,No,1,1144,38
10709,0,0,0,No,2,1154,38
10710,0,0,0,No,0,1098,38
10711,19,15,4,No,2,1087,39
10712,81,39,12,No,0,1084,39
10713,0,4,0,No,0,1085,39
10714,11,14,0,No,0,1075,39
10715,4,3,1,No,0,1074,39
10716,19,20,1,No,0,1083,39
10717,34,19,5,No,0,1076,39
10718,8,6,1,No,0,1090,39
10719,10,10,1,No,0,1055,39
10720,49,35,8,No,0,1051,39
10721,26,20,3,No,0,1050,39
10722,51,24,7,No,0,1059,39
10723,32,18,4,No,0,1052,39
10724,0,2,0,No,1,1060,39
10725,0,0,0,Yes,2,1072,39
10726,0,0,0,No,0,1030,40
10727,59,35,9,No,0,1045,40
10728,63,39,7,Yes,0,1031,40
10729,1,3,0,No,0,1048,40
10730,12,9,1,No,0,1033,40
10731,9,10,1,No,0,1032,40
10732,29,14,3,No,2,1027,40
10733,11,8,1,No,0,1039,40
10734,0,2,0,No,0,1224,40
10735,5,6,1,No,0,1225,40
10736,10,6,1,No,0,1215,40
10737,8,13,0,No,0,1220,40
10738,53,27,6,No,0,1226,40
10739,28,21,3,No,0,1212,40
10740,16,10,2,No,0,1234,40
10741,67,36,13,No,0,1216,40
10742,0,0,0,No,0,1218,40
10743,0,0,0,No,1,1036,40
10744,37,31,5,No,0,1003,41
10745,28,17,3,No,0,1007,41
10746,92,52,17,Yes,0,1002,41
10747,10,6,2,No,0,1006,41
10748,12,10,0,No,0,1011,41
10749,13,4,2,No,0,1001,41
10750,42,24,6,No,0,1150,41
10751,28,15,5,No,0,1145,41
10752,13,17,0,No,0,1157,41
10753,40,24,5,No,0,1153,41
10754,29,20,2,No,0,1159,41
10755,21,10,3,No,0,1151,41
10756,2,3,0,No,0,1148,41
10757,13,7,1,No,0,1160,41
10758,0,0,0,No,0,1012,41
10759,0,0,0,No,0,1144,41
10760,124,62,24,Yes,0,1167,42
10761,18,19,3,No,0,1166,42
10762,14,10,2,No,0,1165,42
10763,2,4,0,No,0,1171,42
10764,11,9,1,No,0,1181,42
10765,8,9,1,No,0,1170,42
10766,2,3,0,No,0,1179,42
10767,8,5,1,No,0,1168,42
10768,0,0,0,No,3,1169,42
10769,3,5,0,No,0,1120,42
10770,28,23,4,No,0,1123,42
10771,44,26,6,No,0,1135,42
10772,29,21,4,No,0,1125,42
10773,55,29,10,No,0,1122,42
10774,45,14,7,No,0,1126,42
10775,0,0,0,No,1,1137,42
10776,0,0,0,No,1,1176,42
10777,31,30,3,No,0,1189,43
10778,44,40,2,Yes,0,1192,43
10779,9,11,0,No,0,1197,43
10780,4,5,0,No,0,1190,43
10781,3,4,0,No,0,1200,43
10782,16,11,2,No,0,1195,43
10783,6,7,0,No,0,1202,43
10784,8,7,1,No,1,1194,43
10785,2,2,0,No,2,1203,43
10786,0,1,0,No,1,1191,43
10787,1,2,0,No,2,1199,43
10788,0,2,0,No,0,1108,43
10789,4,11,0,No,0,1107,43
10790,14,11,3,No,1,1101,43
10791,1,2,0,No,1,1100,43
10792,13,19,1,No,0,1097,43
10793,9,7,1,No,0,1110,43
10794,23,13,3,No,0,1104,43
10795,5,10,0,No,1,1098,43
10796,19,30,2,No,0,1115,43
10797,13,13,2,No,1,1117,43
10798,0,3,0,No,0,1096,43
10799,0,1,0,No,0,1045,44
10800,2,2,0,No,0,1030,44
10801,10,14,0,No,0,1033,44
10802,8,6,2,No,0,1049,44
10803,1,4,0,No,0,1048,44
10804,27,30,3,No,1,1027,44
10805,51,44,6,No,0,1044,44
10806,23,13,3,No,0,1039,44
10807,3,6,0,No,2,1029,44
10808,0,1,0,No,2,1035,44
10809,0,6,0,No,0,1055,44
10810,6,7,1,No,0,1051,44
10811,59,53,7,No,0,1050,44
10812,6,9,1,No,0,1059,44
10813,0,3,0,No,0,1052,44
10814,26,33,1,No,0,1053,44
10815,20,7,3,No,0,1058,44
10816,3,2,0,No,2,1057,44
10817,0,0,0,Yes,3,1060,44
10818,0,0,0,No,2,1037,44
10819,10,11,1,No,0,1105,45
10820,14,17,2,No,0,1108,45
10821,9,16,0,No,0,1109,45
10822,0,1,0,No,0,1101,45
10823,6,4,1,No,0,1097,45
10824,20,31,0,No,0,1110,45
10825,59,33,6,Yes,0,1107,45
10826,1,3,0,No,0,1104,45
10827,0,0,0,No,1,1098,45
10828,0,0,0,No,0,1111,45
10829,9,7,1,No,0,1150,46
10830,30,20,5,No,0,1145,46
10831,27,26,3,No,0,1147,46
10832,82,42,11,No,0,1153,46
10833,49,27,7,No,0,1151,46
10834,0,3,0,No,0,1120,46
10835,75,41,11,Yes,0,1123,46
10836,23,18,4,No,0,1135,46
10837,66,31,10,No,0,1122,46
10838,19,10,3,No,0,1126,46
10839,26,10,4,No,0,1125,46
10840,0,0,0,No,1,1144,46
10841,0,0,0,No,1,1137,46
10842,20,19,4,No,0,1093,47
10843,0,1,0,No,0,1084,47
10844,7,4,1,No,0,1075,47
10845,42,31,6,No,0,1074,47
10846,46,35,5,No,0,1083,47
10847,24,15,3,No,0,1076,47
10848,1,2,0,No,1,1077,47
10849,8,6,1,No,0,1085,47
10850,13,7,2,No,0,1082,47
10851,0,1,0,No,0,1080,47
10852,2,1,0,No,0,1088,47
10853,9,10,1,No,0,1216,47
10854,18,11,3,No,0,1225,47
10855,20,9,4,No,0,1215,47
10856,41,40,4,No,0,1220,47
10857,0,4,0,No,0,1224,47
10858,36,20,4,No,0,1226,47
10859,21,18,3,No,0,1212,47
10860,1,4,0,No,1,1221,47
10861,5,5,1,No,2,1219,47
10862,1,2,0,No,0,1228,47
10863,0,0,0,No,2,1223,47
10864,0,0,0,Yes,2,1081,47
10865,14,11,2,No,0,1167,48
10866,8,6,2,No,0,1166,48
10867,30,20,4,No,0,1165,48
10868,12,12,1,No,0,1171,48
10869,2,6,0,No,1,1168,48
10870,4,6,0,No,1,1172,48
10871,7,13,0,No,0,1170,48
10872,9,8,1,No,0,1179,48
10873,15,11,2,No,2,1169,48
10874,7,9,0,No,1,1184,48
10875,2,5,0,No,2,1174,48
10876,41,34,5,No,0,1055,48
10877,36,35,6,No,0,1051,48
10878,39,15,6,No,0,1050,48
10879,0,0,0,No,0,1060,48
10880,0,0,0,Yes,3,1057,48
10881,6,4,1,No,1,1135,49
10882,7,9,1,No,0,1123,49
10883,0,3,0,No,0,1120,49
10884,64,51,9,No,0,1141,49
10885,26,22,3,No,0,1122,49
10886,20,21,2,No,0,1131,49
10887,2,4,0,No,1,1126,49
10888,1,2,0,No,2,1127,49
10889,3,2,0,No,1,1143,49
10890,2,2,0,No,1,1137,49
10891,30,16,6,No,0,1003,49
10892,44,42,4,No,0,1002,49
10893,21,17,2,No,0,1019,49
10894,12,11,1,No,0,1004,49
10895,26,18,3,No,0,1007,49
10896,2,3,0,No,0,1001,49
10897,0,0,0,No,3,1014,49
10898,0,0,0,No,2,1133,49
10899,22,14,4,No,0,1030,50
10900,87,45,14,Yes,0,1045,50
10901,26,17,4,No,0,1031,50
10902,35,22,4,No,0,1049,50
10903,8,3,1,No,1,1027,50
10904,55,46,5,No,0,1189,50
10905,45,32,6,No,0,1192,50
10906,0,1,0,No,0,1190,50
10907,54,29,9,No,0,1200,50
10908,11,9,1,No,0,1195,50
10909,8,3,1,No,0,1197,50
10910,0,0,0,No,1,1191,50
10911,0,0,0,No,1,1036,50
10912,81,43,14,No,0,1055,51
10913,94,51,9,Yes,0,1051,51
10914,25,15,3,No,0,1050,51
10915,21,12,3,No,0,1052,51
10916,48,32,9,No,0,1108,51
10917,70,41,10,No,0,1099,51
10918,11,11,0,No,0,1100,51
10919,4,9,0,No,0,1097,51
10920,3,6,0,No,0,1110,51
10921,21,11,3,No,0,1107,51
10922,2,4,0,No,0,1116,51
10923,0,1,0,No,0,1101,51
10924,4,5,1,No,0,1098,51
10925,0,0,0,No,0,1060,51
10926,0,0,0,No,0,1111,51
10927,35,18,7,No,0,1167,52
10928,95,59,14,No,0,1166,52
10929,66,38,9,No,0,1165,52
10930,7,5,0,No,0,1170,52
10931,33,25,5,No,0,1235,52
10932,55,34,7,No,0,1216,52
10933,47,29,5,No,0,1215,52
10934,26,12,4,No,0,1226,52
10935,6,5,1,No,0,1220,52
10936,25,7,4,Yes,0,1222,52
10937,17,7,2,No,0,1212,52
10938,3,2,0,No,1,1221,52
10939,0,0,0,No,1,1176,52
10940,0,0,0,No,1,1223,52
10941,12,8,3,No,0,1150,53
10942,57,47,10,No,0,1145,53
10943,0,3,0,No,0,1158,53
10944,15,9,3,No,0,1153,53
10945,21,18,2,No,0,1151,53
10946,4,9,0,No,0,1159,53
10947,19,11,2,No,2,1154,53
10948,21,8,4,No,0,1148,53
10949,17,9,3,No,0,1149,53
10950,38,24,8,No,0,1093,53
10951,15,12,2,No,0,1084,53
10952,51,38,7,No,0,1074,53
10953,11,13,0,No,0,1075,53
10954,42,23,6,Yes,1,1076,53
10955,21,10,3,No,0,1083,53
10956,0,0,0,No,0,1085,53
10957,0,0,0,No,1,1144,53
10958,0,0,0,No,1,1081,53
10959,1,4,0,No,0,1189,54
10960,65,41,8,No,0,1192,54
10961,6,4,1,No,0,1197,54
10962,68,33,12,No,0,1190,54
10963,1,3,0,No,0,1200,54
10964,38,18,5,No,0,1195,54
10966,12,8,2,No,2,1194,54
10967,42,21,8,No,0,1123,54
10968,7,8,1,No,0,1120,54
10969,83,35,13,Yes,0,1122,54
10970,52,34,7,No,0,1141,54
10971,0,1,0,No,0,1126,54
10972,2,2,0,No,0,1135,54
10973,0,0,0,No,1,1191,54
10974,0,0,0,No,2,1137,54
10975,24,18,4,No,0,1003,55
10976,10,13,1,No,0,1002,55
10977,21,20,2,No,0,1019,55
10978,7,12,0,No,1,1006,55
10979,25,12,3,No,0,1007,55
10980,23,17,2,No,0,1004,55
10981,21,16,2,Yes,2,1011,55
10982,20,9,3,No,0,1001,55
10983,1,2,0,No,0,1016,55
10984,0,1,0,No,1,1012,55
10985,0,2,0,No,0,1030,55
10986,17,11,3,No,0,1045,55
10987,5,4,1,No,0,1031,55
10988,27,29,3,No,0,1048,55
10989,35,37,3,No,0,1049,55
10990,10,16,0,No,0,1039,55
10991,21,12,3,No,1,1027,55
10992,2,3,0,No,0,1044,55
10993,12,5,3,No,0,1038,55
10994,0,1,0,No,2,1035,55
10995,0,0,0,No,2,1008,55
10996,0,0,0,No,1,1036,55
10997,10,8,2,No,0,1093,56
10998,18,12,3,No,0,1084,56
10999,57,42,6,No,0,1075,56
11000,22,17,2,No,0,1074,56
11001,10,10,1,No,0,1076,56
11002,16,18,1,No,0,1083,56
11003,1,2,0,No,0,1085,56
11004,6,6,0,No,0,1082,56
11005,6,5,1,No,0,1077,56
11006,98,47,18,Yes,0,1167,56
11007,0,3,0,No,0,1166,56
11008,48,29,7,No,0,1165,56
11009,0,0,0,No,1,1176,56
11010,0,0,0,No,0,1081,56
11011,31,20,5,No,0,1123,57
11012,29,18,5,No,0,1120,57
11013,103,49,17,Yes,0,1122,57
11014,15,7,2,No,0,1141,57
11015,30,20,4,No,0,1139,57
11016,5,3,1,No,1,1126,57
11017,3,3,0,No,1,1135,57
11018,2,5,0,No,0,1055,57
11019,6,9,0,No,0,1051,57
11020,4,3,1,No,0,1050,57
11021,29,14,6,No,0,1059,57
11022,41,26,6,No,0,1052,57
11023,2,3,0,No,0,1053,57
11024,14,13,1,No,0,1058,57
11025,79,32,13,No,1,1057,57
11026,1,3,0,No,2,1067,57
11027,7,12,1,No,1,1061,57
11028,0,0,0,No,1,1060,57
11029,0,0,0,No,1,1137,57
11030,36,27,7,No,0,1235,58
11031,7,5,1,No,0,1216,58
11032,20,13,4,No,0,1215,58
11033,28,20,3,No,0,1220,58
11034,47,29,6,No,0,1226,58
11035,0,1,0,No,0,1222,58
11036,37,25,5,No,0,1212,58
11037,2,1,0,No,0,1219,58
11038,2,14,0,No,0,1108,58
11039,29,19,4,No,0,1099,58
11041,40,45,5,No,0,1097,58
11042,44,25,7,No,0,1110,58
11043,0,13,0,No,1,1218,58
11044,0,0,0,No,0,1098,58
11045,103,65,16,Yes,0,1150,59
11046,7,5,1,No,0,1145,59
11047,4,5,1,No,0,1153,59
11048,5,5,1,No,0,1151,59
11049,20,24,1,No,0,1159,59
11050,2,5,0,No,0,1149,59
11051,2,4,0,No,0,1148,59
11052,11,7,1,No,0,1160,59
11053,0,0,0,No,1,1154,59
11054,54,27,11,No,0,1030,59
11055,21,17,3,No,0,1045,59
11056,3,4,0,No,0,1031,59
11057,5,5,1,No,0,1049,59
11058,1,2,0,No,1,1027,59
11059,0,3,0,No,0,1048,59
11060,16,18,2,No,0,1044,59
11061,16,20,2,No,0,1042,59
11062,10,17,0,No,0,1035,59
11063,6,7,0,No,0,1047,59
11064,0,0,0,No,1,1144,59
11065,0,0,0,No,2,1036,59
11066,18,19,1,No,0,1189,60
11067,55,44,5,No,0,1192,60
11068,54,33,8,No,0,1190,60
11069,1,2,0,No,0,1200,60
11070,0,2,0,No,0,1195,60
11071,9,9,0,No,0,1207,60
11072,29,11,5,No,0,1197,60
11073,0,2,0,No,0,1167,60
11074,0,2,0,No,0,1166,60
11075,4,5,1,No,0,1165,60
11076,10,15,1,No,0,1188,60
11077,4,4,1,No,0,1171,60
11078,35,19,5,No,0,1170,60
11079,1,7,0,No,0,1179,60
11080,0,0,0,No,2,1168,60
11081,2,6,0,No,2,1184,60
11082,0,1,0,No,2,1174,60
11083,0,2,0,No,1,1185,60
11084,0,0,0,No,1,1191,60
11085,0,0,0,No,3,1205,60
11086,17,13,2,No,0,1003,61
11087,30,28,3,No,0,1002,61
11088,16,11,2,No,0,1019,61
11089,4,7,0,No,0,1004,61
11090,48,34,4,No,0,1007,61
11091,1,2,0,No,0,1006,61
11092,20,24,1,No,1,1011,61
11093,2,3,0,No,0,1001,61
11094,12,15,1,No,0,1093,61
11095,1,4,0,No,0,1084,61
11096,9,4,2,No,0,1075,61
11097,57,44,7,No,0,1074,61
11098,54,43,7,Yes,0,1083,61
11099,2,2,0,No,0,1076,61
11100,0,3,0,No,2,1012,61
11101,0,0,0,No,2,1081,61
11102,0,0,0,No,0,1055,62
11103,101,58,14,Yes,0,1051,62
11104,47,36,7,No,0,1054,62
11105,8,6,1,No,0,1050,62
11106,7,5,1,No,0,1052,62
11107,3,3,0,No,0,1058,62
11109,0,1,0,No,0,1057,62
11110,0,1,0,No,1,1067,62
11111,0,1,0,No,1,1060,62
11112,0,1,0,No,2,1073,62
11113,5,4,1,No,0,1235,62
11114,4,5,1,No,0,1216,62
11115,10,10,1,No,0,1220,62
11116,1,2,0,No,0,1215,62
11117,64,44,7,No,0,1226,62
11118,7,6,1,No,0,1230,62
11119,4,3,1,No,0,1212,62
11120,3,6,0,No,0,1221,62
11121,27,26,3,No,2,1219,62
11122,18,9,3,No,0,1228,62
11123,1,5,0,No,1,1223,62
11124,5,7,0,No,0,1100,63
11125,16,15,2,No,0,1099,63
11127,49,42,2,No,0,1101,63
11128,89,47,12,Yes,0,1097,63
11129,8,8,1,No,0,1110,63
11130,59,39,9,No,0,1123,63
11131,37,25,4,No,0,1120,63
11132,7,9,0,No,0,1122,63
11133,16,20,2,No,0,1141,63
11134,2,4,0,No,0,1139,63
11135,32,19,4,No,1,1126,63
11136,4,6,0,No,1,1135,63
11137,0,0,0,No,2,1137,63
11138,46,31,7,No,0,1030,64
11139,54,38,8,No,0,1028,64
11140,82,37,12,Yes,0,1049,64
11141,26,14,4,No,0,1045,64
11142,22,19,4,No,0,1150,64
11143,0,1,0,No,0,1145,64
11144,55,42,7,No,0,1157,64
11145,94,48,14,No,0,1153,64
11146,0,3,0,No,0,1151,64
11147,6,3,1,No,0,1148,64
11148,11,5,2,No,2,1159,64
11149,0,1,0,No,1,1149,64
11150,0,0,0,No,2,1152,64
11151,0,0,0,No,2,1144,64
11152,0,0,0,No,1,1036,64
11153,11,14,2,No,0,1216,65
11154,15,12,3,No,0,1215,65
11155,18,20,0,No,0,1220,65
11156,104,51,14,No,0,1226,65
11157,27,19,3,No,0,1224,65
11158,5,4,1,No,0,1222,65
11159,100,63,16,Yes,0,1189,65
11160,71,47,9,No,0,1192,65
11161,5,3,1,No,0,1190,65
11162,4,4,0,No,1,1207,65
11163,0,0,0,No,1,1191,65
11164,0,0,0,No,1,1223,65
11165,2,2,0,No,0,1150,66
11166,17,12,3,No,0,1145,66
11167,19,12,4,No,0,1157,66
11168,9,13,1,No,1,1153,66
11169,49,31,6,No,1,1159,66
11170,44,28,6,No,0,1151,66
11171,41,23,6,No,0,1148,66
11172,50,36,8,No,0,1167,66
11173,0,4,0,No,0,1166,66
11174,51,30,8,Yes,0,1171,66
11175,2,3,0,No,0,1165,66
11176,46,28,7,No,0,1170,66
11177,20,12,3,No,0,1172,66
11178,10,4,1,No,0,1179,66
11179,1,2,0,No,2,1169,66
11180,0,0,0,No,1,1144,66
11181,0,0,0,No,1,1176,66
11182,79,50,10,Yes,0,1003,67
11183,87,52,14,No,0,1002,67
11184,22,9,3,No,0,1007,67
11185,5,4,0,No,0,1001,67
11186,20,7,4,No,1,1011,67
11187,5,7,1,No,0,1028,67
11188,86,58,12,No,0,1030,67
11189,3,6,0,No,0,1045,67
11190,0,1,0,No,0,1049,67
11191,13,15,1,No,0,1040,67
11192,15,8,2,No,0,1027,67
11193,7,9,1,No,0,1044,67
11194,6,12,0,No,0,1038,67
11195,0,1,0,No,2,1029,67
11196,0,1,0,No,2,1035,67
11197,0,2,0,No,1,1037,67
11198,0,0,0,No,1,1012,67
11199,0,0,0,No,1,1036,67
11200,3,5,0,No,1,1109,68
11201,28,27,2,No,0,1099,68
11203,0,2,0,No,0,1097,68
11204,9,8,1,No,1,1101,68
11205,58,21,9,Yes,0,1110,68
11206,11,30,2,No,0,1104,68
11207,2,4,0,No,0,1098,68
11208,2,2,0,No,1,1117,68
11209,45,3,8,No,0,1093,68
11210,24,28,4,No,1,1075,68
11211,8,15,1,No,0,1074,68
11212,10,10,0,No,0,1084,68
11213,67,15,10,No,0,1083,68
11214,7,33,1,No,0,1076,68
11215,3,9,0,No,0,1085,68
11216,1,7,0,No,2,1077,68
11217,1,2,0,No,0,1088,68
11218,0,1,0,No,1,1081,68
11219,69,47,11,No,0,1229,69
11220,83,46,12,No,0,1225,69
11221,18,13,2,No,0,1226,69
11222,1,4,0,No,0,1222,69
11223,13,7,1,No,0,1220,69
11224,0,1,0,No,0,1224,69
11225,4,3,1,No,0,1230,69
11226,14,12,2,No,0,1123,69
11227,56,37,9,No,0,1120,69
11228,100,47,16,Yes,1,1135,69
11229,25,16,4,No,0,1122,69
11230,0,0,0,No,1,1137,69
11231,0,0,0,No,1,1223,69
11232,101,61,14,No,0,1189,70
11233,28,19,5,No,0,1192,70
11234,11,5,2,No,0,1190,70
11235,1,3,0,No,0,1200,70
11236,26,16,5,No,0,1207,70
11237,0,1,0,No,0,1195,70
11238,23,15,2,No,0,1197,70
11239,12,14,2,No,0,1055,70
11240,104,52,13,Yes,0,1051,70
11241,53,35,9,No,0,1059,70
11243,6,7,1,No,0,1052,70
11244,4,5,0,No,0,1058,70
11245,0,0,0,No,2,1191,70
11246,0,0,0,No,2,1060,70
